<keymap version="1" name="GNOME copy" parent="Default for GNOME">
  <action id="Arrangement.Rule.Edit" />
  <action id="Back">
    <keyboard-shortcut first-keystroke="ctrl alt left" />
  </action>
  <action id="ChangesView.Rename">
    <keyboard-shortcut first-keystroke="shift f6" />
  </action>
  <action id="CopyElement" />
  <action id="EvaluateExpression">
    <keyboard-shortcut first-keystroke="ctrl alt q" />
  </action>
  <action id="Forward">
    <keyboard-shortcut first-keystroke="ctrl alt right" />
  </action>
  <action id="Git.Rename.Local.Branch">
    <keyboard-shortcut first-keystroke="shift f6" />
  </action>
  <action id="Git.Reword.Commit">
    <keyboard-shortcut first-keystroke="shift f6" />
  </action>
  <action id="GotoNextError" />
  <action id="GotoRelated">
    <keyboard-shortcut first-keystroke="alt c" />
  </action>
  <action id="Graph.RouteEdges" />
  <action id="RenameElement">
    <keyboard-shortcut first-keystroke="f2" />
  </action>
  <action id="Resume">
    <keyboard-shortcut first-keystroke="f5" />
  </action>
  <action id="ShelvedChanges.Rename">
    <keyboard-shortcut first-keystroke="shift f6" />
  </action>
  <action id="ToggleRenderedDocPresentation" />
  <action id="XDebugger.EditWatch" />
  <action id="XDebugger.SetValue" />
</keymap>